Feature,Importance
Recency,0.9973634
Frequency,0.0015733544
Monetary,0.0006247652
Cluster,0.00043860407
